unique_token,qr_url,status,assigned_user_id,created_at
SH26-ECRQYIMG,SH26-ECRQYIMG,AVAILABLE,,2026-09-30T06:37:14.930Z
SH26-TOBWOP1J,SH26-TOBWOP1J,AVAILABLE,,2026-09-30T06:37:14.930Z
SH26-U9IG4A9X,SH26-U9IG4A9X,AVAILABLE,,2026-09-30T06:37:14.930Z
SH26-YVZW0LO,SH26-YVZW0LO,AVAILABLE,,2026-09-30T06:37:14.930Z
SH26-UEI1PRZW,SH26-UEI1PRZW,AVAILABLE,,2026-09-30T06:37:14.930Z
SH26-DWPRDFC,SH26-DWPRDFC,AVAILABLE,,2026-09-30T06:37:14.930Z
SH26-WLS5SZMM,SH26-WLS5SZMM,AVAILABLE,,2026-09-30T06:37:14.930Z
SH26-DPN7N6TT,SH26-DPN7N6TT,AVAILABLE,,2026-09-30T06:37:14.930Z
SH26-VIIVYTRF,SH26-VIIVYTRF,AVAILABLE,,2026-09-30T06:37:14.930Z
SH26-RANJ7R0,SH26-RANJ7R0,AVAILABLE,,2026-09-30T06:37:14.930Z
SH26-ILFOBCT8,SH26-ILFOBCT8,AVAILABLE,,2026-09-30T06:37:14.930Z
SH26-EZAALFSL,SH26-EZAALFSL,AVAILABLE,,2026-09-30T06:37:14.930Z
SH26-NWX0K3CE,SH26-NWX0K3CE,AVAILABLE,,2026-09-30T06:37:14.930Z
SH26-KLXUQKB,SH26-KLXUQKB,AVAILABLE,,2026-09-30T06:37:14.930Z
SH26-8BWZWZM7,SH26-8BWZWZM7,AVAILABLE,,2026-09-30T06:37:14.930Z
SH26-NI5SYBMP,SH26-NI5SYBMP,AVAILABLE,,2026-09-30T06:37:14.930Z
SH26-SSN9AGAD,SH26-SSN9AGAD,AVAILABLE,,2026-09-30T06:37:14.930Z
SH26-HUWHAPXM,SH26-HUWHAPXM,AVAILABLE,,2026-09-30T06:37:14.930Z
SH26-VHYZR1CZ,SH26-VHYZR1CZ,AVAILABLE,,2026-09-30T06:37:14.930Z
SH26-CUQDWGMN,SH26-CUQDWGMN,AVAILABLE,,2026-09-30T06:37:14.930Z
SH26-FLP8LPDC,SH26-FLP8LPDC,AVAILABLE,,2026-09-30T06:37:14.930Z
SH26-992CKLAA,SH26-992CKLAA,AVAILABLE,,2026-09-30T06:37:14.930Z
SH26-LMGLKZY,SH26-LMGLKZY,AVAILABLE,,2026-09-30T06:37:14.930Z
SH26-1CJ8NV3,SH26-1CJ8NV3,AVAILABLE,,2026-09-30T06:37:14.930Z
SH26-QKQLKNID,SH26-QKQLKNID,AVAILABLE,,2026-09-30T06:37:14.930Z
SH26-JWJRRBB3,SH26-JWJRRBB3,AVAILABLE,,2026-09-30T06:37:14.930Z
SH26-GP1KSDZH,SH26-GP1KSDZH,AVAILABLE,,2026-09-30T06:37:14.930Z
SH26-DRXDUNKM,SH26-DRXDUNKM,AVAILABLE,,2026-09-30T06:37:14.930Z
SH26-RH7SNUBU,SH26-RH7SNUBU,AVAILABLE,,2026-09-30T06:37:14.930Z
SH26-3DMGHK5,SH26-3DMGHK5,AVAILABLE,,2026-09-30T06:37:14.930Z
SH26-WGZGOKEW,SH26-WGZGOKEW,AVAILABLE,,2026-09-30T06:37:14.930Z
SH26-HYSOOM6,SH26-HYSOOM6,AVAILABLE,,2026-09-30T06:37:14.930Z
SH26-YTHVOV3Q,SH26-YTHVOV3Q,AVAILABLE,,2026-09-30T06:37:14.930Z
SH26-GVZPRIXA,SH26-GVZPRIXA,AVAILABLE,,2026-09-30T06:37:14.930Z
SH26-QLZP1SN,SH26-QLZP1SN,AVAILABLE,,2026-09-30T06:37:14.930Z
SH26-SI6I3AP8,SH26-SI6I3AP8,AVAILABLE,,2026-09-30T06:37:14.930Z
SH26-KXPH0ESW,SH26-KXPH0ESW,AVAILABLE,,2026-09-30T06:37:14.930Z
SH26-DYUILPEU,SH26-DYUILPEU,AVAILABLE,,2026-09-30T06:37:14.930Z
SH26-JGNXMKNI,SH26-JGNXMKNI,AVAILABLE,,2026-09-30T06:37:14.930Z
SH26-T7RE9IJK,SH26-T7RE9IJK,AVAILABLE,,2026-09-30T06:37:14.930Z
SH26-FXFVUCQG,SH26-FXFVUCQG,AVAILABLE,,2026-09-30T06:37:14.930Z
SH26-FW0SXVRW,SH26-FW0SXVRW,AVAILABLE,,2026-09-30T06:37:14.930Z
SH26-XQSBVZU4,SH26-XQSBVZU4,AVAILABLE,,2026-09-30T06:37:14.930Z
SH26-VJKHWCRE,SH26-VJKHWCRE,AVAILABLE,,2026-09-30T06:37:14.930Z
SH26-YLE3B4BP,SH26-YLE3B4BP,AVAILABLE,,2026-09-30T06:37:14.930Z
SH26-PL9ZCDPD,SH26-PL9ZCDPD,AVAILABLE,,2026-09-30T06:37:14.930Z
SH26-WIMUHVC,SH26-WIMUHVC,AVAILABLE,,2026-09-30T06:37:14.930Z
SH26-VHR7HLT9,SH26-VHR7HLT9,AVAILABLE,,2026-09-30T06:37:14.930Z
SH26-3OS4GZZH,SH26-3OS4GZZH,AVAILABLE,,2026-09-30T06:37:14.930Z
SH26-A4Q5CUQM,SH26-A4Q5CUQM,AVAILABLE,,2026-09-30T06:37:14.930Z
SH26-W5782FKQ,SH26-W5782FKQ,AVAILABLE,,2026-09-30T06:37:14.930Z
SH26-N8QB7FQX,SH26-N8QB7FQX,AVAILABLE,,2026-09-30T06:37:14.930Z
SH26-OALSNBKY,SH26-OALSNBKY,AVAILABLE,,2026-09-30T06:37:14.930Z
SH26-XYE3MZUJ,SH26-XYE3MZUJ,AVAILABLE,,2026-09-30T06:37:14.930Z
SH26-SIO3RB6,SH26-SIO3RB6,AVAILABLE,,2026-09-30T06:37:14.930Z
SH26-8R64GTSE,SH26-8R64GTSE,AVAILABLE,,2026-09-30T06:37:14.930Z
SH26-A4GYRVYU,SH26-A4GYRVYU,AVAILABLE,,2026-09-30T06:37:14.930Z
SH26-NPJQGBP6,SH26-NPJQGBP6,AVAILABLE,,2026-09-30T06:37:14.930Z
SH26-SDHQBTPX,SH26-SDHQBTPX,AVAILABLE,,2026-09-30T06:37:14.930Z
SH26-JDQQDYWY,SH26-JDQQDYWY,AVAILABLE,,2026-09-30T06:37:14.930Z
SH26-6MERGT9,SH26-6MERGT9,AVAILABLE,,2026-09-30T06:37:14.930Z
SH26-DWYKSA8G,SH26-DWYKSA8G,AVAILABLE,,2026-09-30T06:37:14.930Z
SH26-NZS9RYB,SH26-NZS9RYB,AVAILABLE,,2026-09-30T06:37:14.930Z
SH26-XWJWGAC4,SH26-XWJWGAC4,AVAILABLE,,2026-09-30T06:37:14.930Z
SH26-TPNYS5LO,SH26-TPNYS5LO,AVAILABLE,,2026-09-30T06:37:14.930Z
SH26-8UBXYNV,SH26-8UBXYNV,AVAILABLE,,2026-09-30T06:37:14.930Z
SH26-BBODTH7,SH26-BBODTH7,AVAILABLE,,2026-09-30T06:37:14.930Z
SH26-8LQLRIZ,SH26-8LQLRIZ,AVAILABLE,,2026-09-30T06:37:14.930Z
SH26-NDDMOIQ,SH26-NDDMOIQ,AVAILABLE,,2026-09-30T06:37:14.930Z
SH26-AGR12H1,SH26-AGR12H1,AVAILABLE,,2026-09-30T06:37:14.930Z
SH26-XT4DEMY,SH26-XT4DEMY,AVAILABLE,,2026-09-30T06:37:14.930Z
SH26-Y0GCEVD7,SH26-Y0GCEVD7,AVAILABLE,,2026-09-30T06:37:14.930Z
SH26-3JPKRVXY,SH26-3JPKRVXY,AVAILABLE,,2026-09-30T06:37:14.930Z
SH26-AFBUWOT,SH26-AFBUWOT,AVAILABLE,,2026-09-30T06:37:14.930Z
SH26-ZN1MV6DV,SH26-ZN1MV6DV,AVAILABLE,,2026-09-30T06:37:14.930Z
SH26-TIWTAMNU,SH26-TIWTAMNU,AVAILABLE,,2026-09-30T06:37:14.930Z
SH26-V7JDV1CZ,SH26-V7JDV1CZ,AVAILABLE,,2026-09-30T06:37:14.930Z
SH26-HR7BAET4,SH26-HR7BAET4,AVAILABLE,,2026-09-30T06:37:14.930Z
SH26-YRAIO6U0,SH26-YRAIO6U0,AVAILABLE,,2026-09-30T06:37:14.930Z
SH26-LE5V4HE4,SH26-LE5V4HE4,AVAILABLE,,2026-09-30T06:37:14.930Z
SH26-KGSUFU1A,SH26-KGSUFU1A,AVAILABLE,,2026-09-30T06:37:14.930Z
SH26-CRW5QRF,SH26-CRW5QRF,AVAILABLE,,2026-09-30T06:37:14.930Z
SH26-BUIUS5OB,SH26-BUIUS5OB,AVAILABLE,,2026-09-30T06:37:14.930Z
SH26-8IJTUYK,SH26-8IJTUYK,AVAILABLE,,2026-09-30T06:37:14.930Z
SH26-CWD7WH9M,SH26-CWD7WH9M,AVAILABLE,,2026-09-30T06:37:14.930Z
SH26-G9IVITQ,SH26-G9IVITQ,AVAILABLE,,2026-09-30T06:37:14.930Z
SH26-YFGFTDW,SH26-YFGFTDW,AVAILABLE,,2026-09-30T06:37:14.930Z
SH26-IADIJSOM,SH26-IADIJSOM,AVAILABLE,,2026-09-30T06:37:14.930Z
SH26-DMIRR9RB,SH26-DMIRR9RB,AVAILABLE,,2026-09-30T06:37:14.930Z
SH26-CMBUS6FX,SH26-CMBUS6FX,AVAILABLE,,2026-09-30T06:37:14.930Z
SH26-SPFZB4ZQ,SH26-SPFZB4ZQ,AVAILABLE,,2026-09-30T06:37:14.930Z
SH26-O7F8DZJ,SH26-O7F8DZJ,AVAILABLE,,2026-09-30T06:37:14.930Z
SH26-NTJQHDWT,SH26-NTJQHDWT,AVAILABLE,,2026-09-30T06:37:14.930Z
SH26-SHB9AP6B,SH26-SHB9AP6B,AVAILABLE,,2026-09-30T06:37:14.930Z
SH26-CLGEN2WU,SH26-CLGEN2WU,AVAILABLE,,2026-09-30T06:37:14.930Z
SH26-GZQTZPB,SH26-GZQTZPB,AVAILABLE,,2026-09-30T06:37:14.930Z
SH26-C3WUBBJL,SH26-C3WUBBJL,AVAILABLE,,2026-09-30T06:37:14.930Z
SH26-STYTQQKI,SH26-STYTQQKI,AVAILABLE,,2026-09-30T06:37:14.930Z
SH26-D7VYO1JI,SH26-D7VYO1JI,AVAILABLE,,2026-09-30T06:37:14.930Z
SH26-MFP6IDK,SH26-MFP6IDK,AVAILABLE,,2026-09-30T06:37:14.930Z
SH26-HWDSBHW,SH26-HWDSBHW,AVAILABLE,,2026-09-30T06:37:14.930Z
SH26-G9EGR79D,SH26-G9EGR79D,AVAILABLE,,2026-09-30T06:37:14.930Z
SH26-M3C1OWMG,SH26-M3C1OWMG,AVAILABLE,,2026-09-30T06:37:14.930Z
SH26-TWGDP0GU,SH26-TWGDP0GU,AVAILABLE,,2026-09-30T06:37:14.930Z
SH26-ZGHK0BIB,SH26-ZGHK0BIB,AVAILABLE,,2026-09-30T06:37:14.930Z
SH26-RT2NBBX,SH26-RT2NBBX,AVAILABLE,,2026-09-30T06:37:14.930Z
SH26-ANIWHWM4,SH26-ANIWHWM4,AVAILABLE,,2026-09-30T06:37:14.930Z
SH26-EROL7HO4,SH26-EROL7HO4,AVAILABLE,,2026-09-30T06:37:14.930Z
SH26-VJXA7OKI,SH26-VJXA7OKI,AVAILABLE,,2026-09-30T06:37:14.930Z
SH26-MFCJTIQS,SH26-MFCJTIQS,AVAILABLE,,2026-09-30T06:37:14.930Z
SH26-YIGKMSNA,SH26-YIGKMSNA,AVAILABLE,,2026-09-30T06:37:14.930Z
SH26-OPSDAOHH,SH26-OPSDAOHH,AVAILABLE,,2026-09-30T06:37:14.930Z
SH26-R3RLFWN,SH26-R3RLFWN,AVAILABLE,,2026-09-30T06:37:14.930Z
SH26-OVMOSQEU,SH26-OVMOSQEU,AVAILABLE,,2026-09-30T06:37:14.930Z
SH26-UJ6XQRM,SH26-UJ6XQRM,AVAILABLE,,2026-09-30T06:37:14.930Z
SH26-QP43DJEA,SH26-QP43DJEA,AVAILABLE,,2026-09-30T06:37:14.930Z
SH26-6CLC36OK,SH26-6CLC36OK,AVAILABLE,,2026-09-30T06:37:14.930Z
SH26-H1O1PM8H,SH26-H1O1PM8H,AVAILABLE,,2026-09-30T06:37:14.930Z
SH26-BWHSC7YB,SH26-BWHSC7YB,AVAILABLE,,2026-09-30T06:37:14.930Z
SH26-WTEWOIXN,SH26-WTEWOIXN,AVAILABLE,,2026-09-30T06:37:14.930Z
SH26-5P2LUQQY,SH26-5P2LUQQY,AVAILABLE,,2026-09-30T06:37:14.930Z
SH26-GOSBYAH,SH26-GOSBYAH,AVAILABLE,,2026-09-30T06:37:14.930Z
SH26-9JHBF9I,SH26-9JHBF9I,AVAILABLE,,2026-09-30T06:37:14.930Z
SH26-A2AFAJM,SH26-A2AFAJM,AVAILABLE,,2026-09-30T06:37:14.930Z
SH26-S2USBIJ,SH26-S2USBIJ,AVAILABLE,,2026-09-30T06:37:14.930Z
SH26-I0KZYMEF,SH26-I0KZYMEF,AVAILABLE,,2026-09-30T06:37:14.930Z
SH26-8H6I9QXY,SH26-8H6I9QXY,AVAILABLE,,2026-09-30T06:37:14.930Z
SH26-IMMMXP9M,SH26-IMMMXP9M,AVAILABLE,,2026-09-30T06:37:14.930Z
SH26-XH8Q0TW,SH26-XH8Q0TW,AVAILABLE,,2026-09-30T06:37:14.930Z
SH26-GXPX177B,SH26-GXPX177B,AVAILABLE,,2026-09-30T06:37:14.930Z
SH26-XFTSRXF3,SH26-XFTSRXF3,AVAILABLE,,2026-09-30T06:37:14.930Z
SH26-Y9SNW5OZ,SH26-Y9SNW5OZ,AVAILABLE,,2026-09-30T06:37:14.930Z
SH26-V8TYREGG,SH26-V8TYREGG,AVAILABLE,,2026-09-30T06:37:14.930Z
SH26-G7ACJLS,SH26-G7ACJLS,AVAILABLE,,2026-09-30T06:37:14.930Z
SH26-OGJODUH1,SH26-OGJODUH1,AVAILABLE,,2026-09-30T06:37:14.930Z
SH26-3QDP9PXV,SH26-3QDP9PXV,AVAILABLE,,2026-09-30T06:37:14.930Z
SH26-ZKUDJRX8,SH26-ZKUDJRX8,AVAILABLE,,2026-09-30T06:37:14.930Z
SH26-JTM7JV2H,SH26-JTM7JV2H,AVAILABLE,,2026-09-30T06:37:14.930Z
SH26-HLVS55BS,SH26-HLVS55BS,AVAILABLE,,2026-09-30T06:37:14.930Z
SH26-KWMZ6LHN,SH26-KWMZ6LHN,AVAILABLE,,2026-09-30T06:37:14.930Z
SH26-DDB4QCBV,SH26-DDB4QCBV,AVAILABLE,,2026-09-30T06:37:14.930Z
SH26-PQYJJG,SH26-PQYJJG,AVAILABLE,,2026-09-30T06:37:14.930Z
SH26-2OIGTK1,SH26-2OIGTK1,AVAILABLE,,2026-09-30T06:37:14.930Z
SH26-ZENSKBKC,SH26-ZENSKBKC,AVAILABLE,,2026-09-30T06:37:14.930Z
SH26-SPMPJEX5,SH26-SPMPJEX5,AVAILABLE,,2026-09-30T06:37:14.930Z
SH26-HBDXWHOX,SH26-HBDXWHOX,AVAILABLE,,2026-09-30T06:37:14.930Z
SH26-M2FHX5ZZ,SH26-M2FHX5ZZ,AVAILABLE,,2026-09-30T06:37:14.930Z
SH26-P7ZRAIRN,SH26-P7ZRAIRN,AVAILABLE,,2026-09-30T06:37:14.930Z
SH26-WET2HV8Z,SH26-WET2HV8Z,AVAILABLE,,2026-09-30T06:37:14.930Z
SH26-KN64VNHO,SH26-KN64VNHO,AVAILABLE,,2026-09-30T06:37:14.930Z
SH26-KP1UAFQ8,SH26-KP1UAFQ8,AVAILABLE,,2026-09-30T06:37:14.930Z
SH26-NBBMDZFL,SH26-NBBMDZFL,AVAILABLE,,2026-09-30T06:37:14.930Z
SH26-5P0CEQA8,SH26-5P0CEQA8,AVAILABLE,,2026-09-30T06:37:14.930Z
SH26-WWLAX7HD,SH26-WWLAX7HD,AVAILABLE,,2026-09-30T06:37:14.930Z
SH26-Y3HOVGBW,SH26-Y3HOVGBW,AVAILABLE,,2026-09-30T06:37:14.930Z
SH26-PBMCLAI,SH26-PBMCLAI,AVAILABLE,,2026-09-30T06:37:14.930Z
SH26-5AUOGKW,SH26-5AUOGKW,AVAILABLE,,2026-09-30T06:37:14.930Z
SH26-TKAO9EMR,SH26-TKAO9EMR,AVAILABLE,,2026-09-30T06:37:14.930Z
SH26-RIHKZTRX,SH26-RIHKZTRX,AVAILABLE,,2026-09-30T06:37:14.930Z
SH26-RZPO0UY,SH26-RZPO0UY,AVAILABLE,,2026-09-30T06:37:14.930Z
SH26-KG7MJ3YO,SH26-KG7MJ3YO,AVAILABLE,,2026-09-30T06:37:14.930Z
SH26-P7DRVH0S,SH26-P7DRVH0S,AVAILABLE,,2026-09-30T06:37:14.930Z
SH26-CZ6OEFYS,SH26-CZ6OEFYS,AVAILABLE,,2026-09-30T06:37:14.930Z
SH26-1ALAC19Z,SH26-1ALAC19Z,AVAILABLE,,2026-09-30T06:37:14.930Z
SH26-HGFQH5BE,SH26-HGFQH5BE,AVAILABLE,,2026-09-30T06:37:14.930Z
SH26-SU6JC,SH26-SU6JC,AVAILABLE,,2026-09-30T06:37:14.930Z
SH26-AGFXBWL,SH26-AGFXBWL,AVAILABLE,,2026-09-30T06:37:14.930Z
SH26-GLLTMVRS,SH26-GLLTMVRS,AVAILABLE,,2026-09-30T06:37:14.930Z
SH26-3RUTFMWI,SH26-3RUTFMWI,AVAILABLE,,2026-09-30T06:37:14.930Z
SH26-0H2WIR0O,SH26-0H2WIR0O,AVAILABLE,,2026-09-30T06:37:14.930Z
SH26-6BUO1MI,SH26-6BUO1MI,AVAILABLE,,2026-09-30T06:37:14.930Z
SH26-IOTEYIQW,SH26-IOTEYIQW,AVAILABLE,,2026-09-30T06:37:14.930Z
SH26-TSDICKFA,SH26-TSDICKFA,AVAILABLE,,2026-09-30T06:37:14.930Z
SH26-CSMNLTXU,SH26-CSMNLTXU,AVAILABLE,,2026-09-30T06:37:14.930Z
SH26-QK7SNMQO,SH26-QK7SNMQO,AVAILABLE,,2026-09-30T06:37:14.930Z
SH26-IGTNBGTG,SH26-IGTNBGTG,AVAILABLE,,2026-09-30T06:37:14.930Z
SH26-3JBK2Q7,SH26-3JBK2Q7,AVAILABLE,,2026-09-30T06:37:14.930Z
SH26-DDPCENP1,SH26-DDPCENP1,AVAILABLE,,2026-09-30T06:37:14.930Z
SH26-35JJRMUP,SH26-35JJRMUP,AVAILABLE,,2026-09-30T06:37:14.930Z
SH26-YOFVYFL,SH26-YOFVYFL,AVAILABLE,,2026-09-30T06:37:14.930Z
SH26-K9S9HPTF,SH26-K9S9HPTF,AVAILABLE,,2026-09-30T06:37:14.930Z
SH26-ZOIURT4,SH26-ZOIURT4,AVAILABLE,,2026-09-30T06:37:14.930Z
SH26-QFWPDY3J,SH26-QFWPDY3J,AVAILABLE,,2026-09-30T06:37:14.930Z
SH26-HMXYEWD0,SH26-HMXYEWD0,AVAILABLE,,2026-09-30T06:37:14.930Z
SH26-YWNYQ92X,SH26-YWNYQ92X,AVAILABLE,,2026-09-30T06:37:14.930Z
SH26-FFLWLWH,SH26-FFLWLWH,AVAILABLE,,2026-09-30T06:37:14.930Z
SH26-8GK8JMV,SH26-8GK8JMV,AVAILABLE,,2026-09-30T06:37:14.930Z
SH26-YYO8WFBU,SH26-YYO8WFBU,AVAILABLE,,2026-09-30T06:37:14.930Z
SH26-UUY8MHVH,SH26-UUY8MHVH,AVAILABLE,,2026-09-30T06:37:14.930Z
SH26-IXQYY3,SH26-IXQYY3,AVAILABLE,,2026-09-30T06:37:14.930Z
SH26-BXDLVNBF,SH26-BXDLVNBF,AVAILABLE,,2026-09-30T06:37:14.930Z
SH26-FLSQ3CTM,SH26-FLSQ3CTM,AVAILABLE,,2026-09-30T06:37:14.930Z
SH26-V9BEXPF5,SH26-V9BEXPF5,AVAILABLE,,2026-09-30T06:37:14.930Z
SH26-VPYLYVT4,SH26-VPYLYVT4,AVAILABLE,,2026-09-30T06:37:14.930Z
SH26-NQPCF4FH,SH26-NQPCF4FH,AVAILABLE,,2026-09-30T06:37:14.930Z
SH26-1Q5IMP4,SH26-1Q5IMP4,AVAILABLE,,2026-09-30T06:37:14.930Z
SH26-EDHKY0M,SH26-EDHKY0M,AVAILABLE,,2026-09-30T06:37:14.930Z
SH26-SPKTCCS,SH26-SPKTCCS,AVAILABLE,,2026-09-30T06:37:14.930Z
SH26-BGGKKDER,SH26-BGGKKDER,AVAILABLE,,2026-09-30T06:37:14.930Z
SH26-STIF7BKP,SH26-STIF7BKP,AVAILABLE,,2026-09-30T06:37:14.930Z
SH26-FVX6UNE,SH26-FVX6UNE,AVAILABLE,,2026-09-30T06:37:14.930Z
SH26-RXOADV3N,SH26-RXOADV3N,AVAILABLE,,2026-09-30T06:37:14.930Z
SH26-XKJLAAIM,SH26-XKJLAAIM,AVAILABLE,,2026-09-30T06:37:14.930Z
SH26-NBAIV3ML,SH26-NBAIV3ML,AVAILABLE,,2026-09-30T06:37:14.930Z
SH26-BRH5DA5,SH26-BRH5DA5,AVAILABLE,,2026-09-30T06:37:14.930Z
SH26-BEL6J4M2,SH26-BEL6J4M2,AVAILABLE,,2026-09-30T06:37:14.930Z
SH26-EXGUP5FM,SH26-EXGUP5FM,AVAILABLE,,2026-09-30T06:37:14.930Z
SH26-LSEQBCII,SH26-LSEQBCII,AVAILABLE,,2026-09-30T06:37:14.930Z
SH26-LGDY5JIE,SH26-LGDY5JIE,AVAILABLE,,2026-09-30T06:37:14.930Z
SH26-80QCIGAF,SH26-80QCIGAF,AVAILABLE,,2026-09-30T06:37:14.930Z
SH26-AUTTPJ4J,SH26-AUTTPJ4J,AVAILABLE,,2026-09-30T06:37:14.930Z
SH26-1CLYBAC9,SH26-1CLYBAC9,AVAILABLE,,2026-09-30T06:37:14.930Z
SH26-TQQFSUIU,SH26-TQQFSUIU,AVAILABLE,,2026-09-30T06:37:14.930Z
SH26-F5JFFL6R,SH26-F5JFFL6R,AVAILABLE,,2026-09-30T06:37:14.930Z
SH26-3ORZDNP,SH26-3ORZDNP,AVAILABLE,,2026-09-30T06:37:14.930Z
SH26-DF5RHWRO,SH26-DF5RHWRO,AVAILABLE,,2026-09-30T06:37:14.930Z
SH26-WHEACK9,SH26-WHEACK9,AVAILABLE,,2026-09-30T06:37:14.930Z
SH26-WLV3T1KY,SH26-WLV3T1KY,AVAILABLE,,2026-09-30T06:37:14.930Z
SH26-GF1XTQL,SH26-GF1XTQL,AVAILABLE,,2026-09-30T06:37:14.930Z
SH26-SM2IBJZ8,SH26-SM2IBJZ8,AVAILABLE,,2026-09-30T06:37:14.930Z
SH26-VGQFTJX3,SH26-VGQFTJX3,AVAILABLE,,2026-09-30T06:37:14.930Z
SH26-7FDZQOTJ,SH26-7FDZQOTJ,AVAILABLE,,2026-09-30T06:37:14.930Z
SH26-K2WVWNN,SH26-K2WVWNN,AVAILABLE,,2026-09-30T06:37:14.930Z
SH26-FBPTQNQB,SH26-FBPTQNQB,AVAILABLE,,2026-09-30T06:37:14.930Z
SH26-WCUL0ND,SH26-WCUL0ND,AVAILABLE,,2026-09-30T06:37:14.930Z
SH26-EGPAPBM,SH26-EGPAPBM,AVAILABLE,,2026-09-30T06:37:14.930Z
SH26-7O8UD3DT,SH26-7O8UD3DT,AVAILABLE,,2026-09-30T06:37:14.930Z
SH26-WNUHVIUT,SH26-WNUHVIUT,AVAILABLE,,2026-09-30T06:37:14.930Z
SH26-VADUHDKS,SH26-VADUHDKS,AVAILABLE,,2026-09-30T06:37:14.930Z
SH26-XRUD8P3W,SH26-XRUD8P3W,AVAILABLE,,2026-09-30T06:37:14.930Z
SH26-ZX1STJFM,SH26-ZX1STJFM,AVAILABLE,,2026-09-30T06:37:14.930Z
SH26-IZXM6SY,SH26-IZXM6SY,AVAILABLE,,2026-09-30T06:37:14.930Z
SH26-8SVPBZ8,SH26-8SVPBZ8,AVAILABLE,,2026-09-30T06:37:14.930Z
SH26-LN1US0IE,SH26-LN1US0IE,AVAILABLE,,2026-09-30T06:37:14.930Z
SH26-VZ5HL7NP,SH26-VZ5HL7NP,AVAILABLE,,2026-09-30T06:37:14.930Z
SH26-P6DREE2W,SH26-P6DREE2W,AVAILABLE,,2026-09-30T06:37:14.930Z
SH26-FY9GCSLC,SH26-FY9GCSLC,AVAILABLE,,2026-09-30T06:37:14.930Z
SH26-AQG7FH13,SH26-AQG7FH13,AVAILABLE,,2026-09-30T06:37:14.930Z
SH26-SRLZOPJ,SH26-SRLZOPJ,AVAILABLE,,2026-09-30T06:37:14.930Z
SH26-AQ4XUJEE,SH26-AQ4XUJEE,AVAILABLE,,2026-09-30T06:37:14.930Z
SH26-R61CUGMN,SH26-R61CUGMN,AVAILABLE,,2026-09-30T06:37:14.930Z
SH26-TQ26JCZN,SH26-TQ26JCZN,AVAILABLE,,2026-09-30T06:37:14.930Z
SH26-4WI14U8,SH26-4WI14U8,AVAILABLE,,2026-09-30T06:37:14.930Z
SH26-YQTGBBEJ,SH26-YQTGBBEJ,AVAILABLE,,2026-09-30T06:37:14.930Z
SH26-W62Q9WL4,SH26-W62Q9WL4,AVAILABLE,,2026-09-30T06:37:14.930Z
SH26-PRJKJDEV,SH26-PRJKJDEV,AVAILABLE,,2026-09-30T06:37:14.930Z
SH26-ONEEPX,SH26-ONEEPX,AVAILABLE,,2026-09-30T06:37:14.930Z
SH26-8PGE4UBR,SH26-8PGE4UBR,AVAILABLE,,2026-09-30T06:37:14.930Z
SH26-8SNTHF7,SH26-8SNTHF7,AVAILABLE,,2026-09-30T06:37:14.930Z
SH26-YAWGMVC3,SH26-YAWGMVC3,AVAILABLE,,2026-09-30T06:37:14.930Z
SH26-F2B1FZXW,SH26-F2B1FZXW,AVAILABLE,,2026-09-30T06:37:14.930Z
SH26-RAOAPRHL,SH26-RAOAPRHL,AVAILABLE,,2026-09-30T06:37:14.930Z
SH26-KWAEEHK9,SH26-KWAEEHK9,AVAILABLE,,2026-09-30T06:37:14.930Z
SH26-THGNZPM1,SH26-THGNZPM1,AVAILABLE,,2026-09-30T06:37:14.930Z
SH26-R3Y7FY3E,SH26-R3Y7FY3E,AVAILABLE,,2026-09-30T06:37:14.930Z
SH26-X1N0KSK,SH26-X1N0KSK,AVAILABLE,,2026-09-30T06:37:14.930Z
SH26-VXXZFGU1,SH26-VXXZFGU1,AVAILABLE,,2026-09-30T06:37:14.930Z
SH26-U5QDEDNQ,SH26-U5QDEDNQ,AVAILABLE,,2026-09-30T06:37:14.930Z
SH26-DXXL1CQB,SH26-DXXL1CQB,AVAILABLE,,2026-09-30T06:37:14.930Z
SH26-JKV17C8,SH26-JKV17C8,AVAILABLE,,2026-09-30T06:37:14.930Z
SH26-6MF18WX3,SH26-6MF18WX3,AVAILABLE,,2026-09-30T06:37:14.930Z
SH26-SAHYDJCT,SH26-SAHYDJCT,AVAILABLE,,2026-09-30T06:37:14.930Z
SH26-EI4NBZZL,SH26-EI4NBZZL,AVAILABLE,,2026-09-30T06:37:14.930Z
SH26-01PMN93V,SH26-01PMN93V,AVAILABLE,,2026-09-30T06:37:14.930Z
SH26-UMIW7AJJ,SH26-UMIW7AJJ,AVAILABLE,,2026-09-30T06:37:14.930Z
SH26-H4MDUXQ3,SH26-H4MDUXQ3,AVAILABLE,,2026-09-30T06:37:14.930Z
SH26-Y4PMSJTA,SH26-Y4PMSJTA,AVAILABLE,,2026-09-30T06:37:14.930Z
SH26-YRMN2HXB,SH26-YRMN2HXB,AVAILABLE,,2026-09-30T06:37:14.930Z
SH26-BUUD6ZT,SH26-BUUD6ZT,AVAILABLE,,2026-09-30T06:37:14.930Z
SH26-6S7SFNJW,SH26-6S7SFNJW,AVAILABLE,,2026-09-30T06:37:14.930Z
SH26-W9IQ4LJ4,SH26-W9IQ4LJ4,AVAILABLE,,2026-09-30T06:37:14.930Z
SH26-T1CMRHST,SH26-T1CMRHST,AVAILABLE,,2026-09-30T06:37:14.930Z
SH26-QLIGVPOK,SH26-QLIGVPOK,AVAILABLE,,2026-09-30T06:37:14.930Z
SH26-XR79BRM,SH26-XR79BRM,AVAILABLE,,2026-09-30T06:37:14.930Z
SH26-UGQP9OQU,SH26-UGQP9OQU,AVAILABLE,,2026-09-30T06:37:14.930Z
SH26-1I46L3FB,SH26-1I46L3FB,AVAILABLE,,2026-09-30T06:37:14.930Z
SH26-INXOTTK,SH26-INXOTTK,AVAILABLE,,2026-09-30T06:37:14.930Z
SH26-VXJ0NHPE,SH26-VXJ0NHPE,AVAILABLE,,2026-09-30T06:37:14.930Z
SH26-J2AD02BT,SH26-J2AD02BT,AVAILABLE,,2026-09-30T06:37:14.930Z
SH26-6PRXECL6,SH26-6PRXECL6,AVAILABLE,,2026-09-30T06:37:14.930Z
SH26-EPTHZX0I,SH26-EPTHZX0I,AVAILABLE,,2026-09-30T06:37:14.930Z
SH26-LG1U0XPH,SH26-LG1U0XPH,AVAILABLE,,2026-09-30T06:37:14.930Z
SH26-QJ6K4XM,SH26-QJ6K4XM,AVAILABLE,,2026-09-30T06:37:14.930Z
SH26-MGA55GKO,SH26-MGA55GKO,AVAILABLE,,2026-09-30T06:37:14.930Z
SH26-261HLROY,SH26-261HLROY,AVAILABLE,,2026-09-30T06:37:14.930Z
SH26-NQ3QCTJ,SH26-NQ3QCTJ,AVAILABLE,,2026-09-30T06:37:14.930Z
SH26-VLXID5H0,SH26-VLXID5H0,AVAILABLE,,2026-09-30T06:37:14.930Z
SH26-O2QOZZFA,SH26-O2QOZZFA,AVAILABLE,,2026-09-30T06:37:14.930Z
SH26-V2KYY2W3,SH26-V2KYY2W3,AVAILABLE,,2026-09-30T06:37:14.930Z
SH26-QSFQJWS5,SH26-QSFQJWS5,AVAILABLE,,2026-09-30T06:37:14.930Z
SH26-HCT1YPBL,SH26-HCT1YPBL,AVAILABLE,,2026-09-30T06:37:14.930Z
SH26-DKZ7WRUJ,SH26-DKZ7WRUJ,AVAILABLE,,2026-09-30T06:37:14.930Z
SH26-6J2N1TZA,SH26-6J2N1TZA,AVAILABLE,,2026-09-30T06:37:14.930Z
SH26-R1X2SY5J,SH26-R1X2SY5J,AVAILABLE,,2026-09-30T06:37:14.930Z
SH26-O11ZK8P,SH26-O11ZK8P,AVAILABLE,,2026-09-30T06:37:14.930Z
SH26-7OTTN915,SH26-7OTTN915,AVAILABLE,,2026-09-30T06:37:14.930Z
SH26-IKFD1U,SH26-IKFD1U,AVAILABLE,,2026-09-30T06:37:14.930Z
SH26-QY7FRIJF,SH26-QY7FRIJF,AVAILABLE,,2026-09-30T06:37:14.930Z
SH26-XVSESBCC,SH26-XVSESBCC,AVAILABLE,,2026-09-30T06:37:14.930Z
SH26-R1IATS,SH26-R1IATS,AVAILABLE,,2026-09-30T06:37:14.930Z
SH26-5PV1UYHQ,SH26-5PV1UYHQ,AVAILABLE,,2026-09-30T06:37:14.930Z
SH26-ORPXP2P,SH26-ORPXP2P,AVAILABLE,,2026-09-30T06:37:14.930Z
SH26-MK17CU7,SH26-MK17CU7,AVAILABLE,,2026-09-30T06:37:14.930Z
SH26-8TRTIS,SH26-8TRTIS,AVAILABLE,,2026-09-30T06:37:14.930Z
SH26-O8M2EH7,SH26-O8M2EH7,AVAILABLE,,2026-09-30T06:37:14.930Z
SH26-0ETKCYC,SH26-0ETKCYC,AVAILABLE,,2026-09-30T06:37:14.930Z
SH26-EB2MOEXG,SH26-EB2MOEXG,AVAILABLE,,2026-09-30T06:37:14.930Z
SH26-W6B8TYLB,SH26-W6B8TYLB,AVAILABLE,,2026-09-30T06:37:14.930Z
SH26-UBQDISEA,SH26-UBQDISEA,AVAILABLE,,2026-09-30T06:37:14.930Z
SH26-MEMMGCSO,SH26-MEMMGCSO,AVAILABLE,,2026-09-30T06:37:14.930Z
SH26-LHHKDQQ6,SH26-LHHKDQQ6,AVAILABLE,,2026-09-30T06:37:14.930Z
SH26-BXSFCUNO,SH26-BXSFCUNO,AVAILABLE,,2026-09-30T06:37:14.930Z
SH26-GSUANML3,SH26-GSUANML3,AVAILABLE,,2026-09-30T06:37:14.930Z
SH26-0ABW1LEC,SH26-0ABW1LEC,AVAILABLE,,2026-09-30T06:37:14.930Z
SH26-MKEQMOD,SH26-MKEQMOD,AVAILABLE,,2026-09-30T06:37:14.930Z
SH26-XXINXURC,SH26-XXINXURC,AVAILABLE,,2026-09-30T06:37:14.930Z
SH26-8DDIPYRS,SH26-8DDIPYRS,AVAILABLE,,2026-09-30T06:37:14.930Z
SH26-VZID1FQ,SH26-VZID1FQ,AVAILABLE,,2026-09-30T06:37:14.930Z
SH26-05XMRPGM,SH26-05XMRPGM,AVAILABLE,,2026-09-30T06:37:14.930Z
SH26-B3HQMFNJ,SH26-B3HQMFNJ,AVAILABLE,,2026-09-30T06:37:14.930Z
SH26-PPELBZDZ,SH26-PPELBZDZ,AVAILABLE,,2026-09-30T06:37:14.930Z
SH26-SGL33ZQ,SH26-SGL33ZQ,AVAILABLE,,2026-09-30T06:37:14.930Z
SH26-LJNO07UF,SH26-LJNO07UF,AVAILABLE,,2026-09-30T06:37:14.930Z
SH26-AI9OPHKE,SH26-AI9OPHKE,AVAILABLE,,2026-09-30T06:37:14.930Z
SH26-QJX8ZUMY,SH26-QJX8ZUMY,AVAILABLE,,2026-09-30T06:37:14.930Z
SH26-OGN8QJB3,SH26-OGN8QJB3,AVAILABLE,,2026-09-30T06:37:14.930Z
SH26-UXABO5OX,SH26-UXABO5OX,AVAILABLE,,2026-09-30T06:37:14.930Z
SH26-ZI4URYAI,SH26-ZI4URYAI,AVAILABLE,,2026-09-30T06:37:14.930Z
SH26-U7D2YEN,SH26-U7D2YEN,AVAILABLE,,2026-09-30T06:37:14.930Z
SH26-CGBTUIAX,SH26-CGBTUIAX,AVAILABLE,,2026-09-30T06:37:14.930Z
SH26-EG1HTX,SH26-EG1HTX,AVAILABLE,,2026-09-30T06:37:14.930Z
SH26-D4BXIAVO,SH26-D4BXIAVO,AVAILABLE,,2026-09-30T06:37:14.930Z
SH26-NZPAQBBJ,SH26-NZPAQBBJ,AVAILABLE,,2026-09-30T06:37:14.930Z
SH26-GADUVNFZ,SH26-GADUVNFZ,AVAILABLE,,2026-09-30T06:37:14.930Z
SH26-ZNNJETL2,SH26-ZNNJETL2,AVAILABLE,,2026-09-30T06:37:14.930Z
SH26-TCSHV9NX,SH26-TCSHV9NX,AVAILABLE,,2026-09-30T06:37:14.930Z
SH26-MZB2QGPA,SH26-MZB2QGPA,AVAILABLE,,2026-09-30T06:37:14.930Z
SH26-AUKFCN,SH26-AUKFCN,AVAILABLE,,2026-09-30T06:37:14.930Z
SH26-UEK84ODA,SH26-UEK84ODA,AVAILABLE,,2026-09-30T06:37:14.930Z
SH26-DHUKVMBN,SH26-DHUKVMBN,AVAILABLE,,2026-09-30T06:37:14.930Z
SH26-TG8BYTFN,SH26-TG8BYTFN,AVAILABLE,,2026-09-30T06:37:14.930Z
SH26-UNA5WZSS,SH26-UNA5WZSS,AVAILABLE,,2026-09-30T06:37:14.930Z
SH26-NGVXMIAT,SH26-NGVXMIAT,AVAILABLE,,2026-09-30T06:37:14.930Z
SH26-EOEIVVR,SH26-EOEIVVR,AVAILABLE,,2026-09-30T06:37:14.930Z
SH26-286AOE96,SH26-286AOE96,AVAILABLE,,2026-09-30T06:37:14.930Z
SH26-K4ROGOLI,SH26-K4ROGOLI,AVAILABLE,,2026-09-30T06:37:14.930Z
SH26-QUEQCO7W,SH26-QUEQCO7W,AVAILABLE,,2026-09-30T06:37:14.930Z
SH26-WNTBZF5X,SH26-WNTBZF5X,AVAILABLE,,2026-09-30T06:37:14.930Z
SH26-172AX3Q7,SH26-172AX3Q7,AVAILABLE,,2026-09-30T06:37:14.930Z
SH26-HDGBKBHT,SH26-HDGBKBHT,AVAILABLE,,2026-09-30T06:37:14.930Z
SH26-HEXDVGD,SH26-HEXDVGD,AVAILABLE,,2026-09-30T06:37:14.930Z
SH26-ZQTFT8JR,SH26-ZQTFT8JR,AVAILABLE,,2026-09-30T06:37:14.930Z
SH26-ODLZHNT,SH26-ODLZHNT,AVAILABLE,,2026-09-30T06:37:14.930Z
SH26-9OBAUQRN,SH26-9OBAUQRN,AVAILABLE,,2026-09-30T06:37:14.930Z
SH26-QSWHMGGO,SH26-QSWHMGGO,AVAILABLE,,2026-09-30T06:37:14.930Z
SH26-RTPOU66D,SH26-RTPOU66D,AVAILABLE,,2026-09-30T06:37:14.930Z
SH26-YTKPKKC1,SH26-YTKPKKC1,AVAILABLE,,2026-09-30T06:37:14.930Z
SH26-ECCGNPOL,SH26-ECCGNPOL,AVAILABLE,,2026-09-30T06:37:14.930Z
SH26-DBFPASGN,SH26-DBFPASGN,AVAILABLE,,2026-09-30T06:37:14.930Z
SH26-CFH3BQEL,SH26-CFH3BQEL,AVAILABLE,,2026-09-30T06:37:14.930Z
SH26-ARXUIYVU,SH26-ARXUIYVU,AVAILABLE,,2026-09-30T06:37:14.930Z
SH26-5PD1ZMCW,SH26-5PD1ZMCW,AVAILABLE,,2026-09-30T06:37:14.930Z
SH26-HR9O0R1,SH26-HR9O0R1,AVAILABLE,,2026-09-30T06:37:14.930Z
SH26-Y4C0T3LY,SH26-Y4C0T3LY,AVAILABLE,,2026-09-30T06:37:14.930Z
SH26-JCDONZ7X,SH26-JCDONZ7X,AVAILABLE,,2026-09-30T06:37:14.930Z
SH26-SK4M8RFH,SH26-SK4M8RFH,AVAILABLE,,2026-09-30T06:37:14.930Z
SH26-F2MNYACN,SH26-F2MNYACN,AVAILABLE,,2026-09-30T06:37:14.930Z
SH26-FOGDHMTT,SH26-FOGDHMTT,AVAILABLE,,2026-09-30T06:37:14.930Z
SH26-7OXIJGB,SH26-7OXIJGB,AVAILABLE,,2026-09-30T06:37:14.930Z
SH26-GQO3XWWS,SH26-GQO3XWWS,AVAILABLE,,2026-09-30T06:37:14.930Z
SH26-QTNQOUCU,SH26-QTNQOUCU,AVAILABLE,,2026-09-30T06:37:14.930Z
SH26-4G1RMKIP,SH26-4G1RMKIP,AVAILABLE,,2026-09-30T06:37:14.930Z
SH26-TR5U6GVU,SH26-TR5U6GVU,AVAILABLE,,2026-09-30T06:37:14.930Z
SH26-W9G0CAJA,SH26-W9G0CAJA,AVAILABLE,,2026-09-30T06:37:14.930Z
SH26-X3UK5TKW,SH26-X3UK5TKW,AVAILABLE,,2026-09-30T06:37:14.930Z
SH26-SHEKUSM,SH26-SHEKUSM,AVAILABLE,,2026-09-30T06:37:14.930Z
SH26-O2Q6JUFS,SH26-O2Q6JUFS,AVAILABLE,,2026-09-30T06:37:14.930Z
SH26-NRBBWLYJ,SH26-NRBBWLYJ,AVAILABLE,,2026-09-30T06:37:14.930Z
SH26-P8D1SH2K,SH26-P8D1SH2K,AVAILABLE,,2026-09-30T06:37:14.930Z
SH26-C2TEQJWD,SH26-C2TEQJWD,AVAILABLE,,2026-09-30T06:37:14.930Z
SH26-FBSKJPFX,SH26-FBSKJPFX,AVAILABLE,,2026-09-30T06:37:14.930Z
SH26-TNFNCTQE,SH26-TNFNCTQE,AVAILABLE,,2026-09-30T06:37:14.930Z
SH26-3TRJF42Q,SH26-3TRJF42Q,AVAILABLE,,2026-09-30T06:37:14.930Z
SH26-YC3TV1E0,SH26-YC3TV1E0,AVAILABLE,,2026-09-30T06:37:14.930Z
SH26-FCLEDA0,SH26-FCLEDA0,AVAILABLE,,2026-09-30T06:37:14.930Z
SH26-D8CK5GJK,SH26-D8CK5GJK,AVAILABLE,,2026-09-30T06:37:14.930Z
SH26-E5C174Q,SH26-E5C174Q,AVAILABLE,,2026-09-30T06:37:14.930Z
SH26-SKAO4WYL,SH26-SKAO4WYL,AVAILABLE,,2026-09-30T06:37:14.930Z
SH26-8EYRTJTF,SH26-8EYRTJTF,AVAILABLE,,2026-09-30T06:37:14.930Z
SH26-4MIHNVI,SH26-4MIHNVI,AVAILABLE,,2026-09-30T06:37:14.930Z
SH26-MABXGINS,SH26-MABXGINS,AVAILABLE,,2026-09-30T06:37:14.930Z
SH26-UOGRUCOK,SH26-UOGRUCOK,AVAILABLE,,2026-09-30T06:37:14.930Z
SH26-YVF0QTCG,SH26-YVF0QTCG,AVAILABLE,,2026-09-30T06:37:14.930Z
SH26-Y8DBBDWE,SH26-Y8DBBDWE,AVAILABLE,,2026-09-30T06:37:14.930Z
SH26-SMHID3NS,SH26-SMHID3NS,AVAILABLE,,2026-09-30T06:37:14.930Z
SH26-7CB7LQFS,SH26-7CB7LQFS,AVAILABLE,,2026-09-30T06:37:14.930Z
SH26-GEAEVGS,SH26-GEAEVGS,AVAILABLE,,2026-09-30T06:37:14.930Z
SH26-XBLRCJSW,SH26-XBLRCJSW,AVAILABLE,,2026-09-30T06:37:14.930Z
SH26-5DW2OU0J,SH26-5DW2OU0J,AVAILABLE,,2026-09-30T06:37:14.930Z
SH26-DZOFUPX2,SH26-DZOFUPX2,AVAILABLE,,2026-09-30T06:37:14.930Z
SH26-BYXCWO5,SH26-BYXCWO5,AVAILABLE,,2026-09-30T06:37:14.930Z
SH26-WI8IOK6Y,SH26-WI8IOK6Y,AVAILABLE,,2026-09-30T06:37:14.930Z
SH26-MROIHTS6,SH26-MROIHTS6,AVAILABLE,,2026-09-30T06:37:14.930Z
SH26-IEEAIJ,SH26-IEEAIJ,AVAILABLE,,2026-09-30T06:37:14.930Z
SH26-72WFJKWK,SH26-72WFJKWK,AVAILABLE,,2026-09-30T06:37:14.930Z
SH26-YJZ17FI,SH26-YJZ17FI,AVAILABLE,,2026-09-30T06:37:14.930Z
SH26-HP3YSOKU,SH26-HP3YSOKU,AVAILABLE,,2026-09-30T06:37:14.930Z
SH26-V0RQ1AU,SH26-V0RQ1AU,AVAILABLE,,2026-09-30T06:37:14.930Z
SH26-SMPWXCH,SH26-SMPWXCH,AVAILABLE,,2026-09-30T06:37:14.930Z
SH26-MGJDGBTL,SH26-MGJDGBTL,AVAILABLE,,2026-09-30T06:37:14.930Z
SH26-SD4NWY1C,SH26-SD4NWY1C,AVAILABLE,,2026-09-30T06:37:14.930Z
SH26-07SVGDC,SH26-07SVGDC,AVAILABLE,,2026-09-30T06:37:14.930Z
SH26-ASPIRFVU,SH26-ASPIRFVU,AVAILABLE,,2026-09-30T06:37:14.930Z
SH26-HRK3MIOQ,SH26-HRK3MIOQ,AVAILABLE,,2026-09-30T06:37:14.930Z
SH26-2S5TEKGP,SH26-2S5TEKGP,AVAILABLE,,2026-09-30T06:37:14.930Z
SH26-9O4ORMA,SH26-9O4ORMA,AVAILABLE,,2026-09-30T06:37:14.930Z
SH26-M5ZVKH8G,SH26-M5ZVKH8G,AVAILABLE,,2026-09-30T06:37:14.930Z
SH26-YYKJT7R7,SH26-YYKJT7R7,AVAILABLE,,2026-09-30T06:37:14.930Z
SH26-UMTBFZE,SH26-UMTBFZE,AVAILABLE,,2026-09-30T06:37:14.930Z
SH26-R7ECYLVN,SH26-R7ECYLVN,AVAILABLE,,2026-09-30T06:37:14.930Z
SH26-3E8NTNO,SH26-3E8NTNO,AVAILABLE,,2026-09-30T06:37:14.930Z
SH26-FLNFKGIC,SH26-FLNFKGIC,AVAILABLE,,2026-09-30T06:37:14.930Z
SH26-EDL71HMK,SH26-EDL71HMK,AVAILABLE,,2026-09-30T06:37:14.930Z
SH26-FXUEC2GT,SH26-FXUEC2GT,AVAILABLE,,2026-09-30T06:37:14.930Z
SH26-KUKAIWMD,SH26-KUKAIWMD,AVAILABLE,,2026-09-30T06:37:14.930Z
SH26-7UQSTHNP,SH26-7UQSTHNP,AVAILABLE,,2026-09-30T06:37:14.930Z
SH26-JZUUPJM,SH26-JZUUPJM,AVAILABLE,,2026-09-30T06:37:14.930Z
SH26-HZZDRPUE,SH26-HZZDRPUE,AVAILABLE,,2026-09-30T06:37:14.930Z
SH26-0LO2C5HL,SH26-0LO2C5HL,AVAILABLE,,2026-09-30T06:37:14.930Z
SH26-EDQBVMX0,SH26-EDQBVMX0,AVAILABLE,,2026-09-30T06:37:14.930Z
SH26-21JZNT0N,SH26-21JZNT0N,AVAILABLE,,2026-09-30T06:37:14.930Z
SH26-K3J03E2L,SH26-K3J03E2L,AVAILABLE,,2026-09-30T06:37:14.930Z
SH26-LCJUO2CK,SH26-LCJUO2CK,AVAILABLE,,2026-09-30T06:37:14.930Z
SH26-KCORSVM,SH26-KCORSVM,AVAILABLE,,2026-09-30T06:37:14.930Z
SH26-HL0AQWJ,SH26-HL0AQWJ,AVAILABLE,,2026-09-30T06:37:14.930Z
SH26-K87CBNL,SH26-K87CBNL,AVAILABLE,,2026-09-30T06:37:14.930Z
SH26-FWZ3KEMR,SH26-FWZ3KEMR,AVAILABLE,,2026-09-30T06:37:14.930Z
SH26-CIP4LRUB,SH26-CIP4LRUB,AVAILABLE,,2026-09-30T06:37:14.930Z
SH26-ACVR1BHX,SH26-ACVR1BHX,AVAILABLE,,2026-09-30T06:37:14.930Z
SH26-IBFEKJL,SH26-IBFEKJL,AVAILABLE,,2026-09-30T06:37:14.930Z
SH26-QG1ZWGHK,SH26-QG1ZWGHK,AVAILABLE,,2026-09-30T06:37:14.930Z
SH26-L5LIKN4,SH26-L5LIKN4,AVAILABLE,,2026-09-30T06:37:14.930Z
SH26-Y623GYFI,SH26-Y623GYFI,AVAILABLE,,2026-09-30T06:37:14.930Z
SH26-O7ZUYVT,SH26-O7ZUYVT,AVAILABLE,,2026-09-30T06:37:14.930Z
SH26-MAOFCSIW,SH26-MAOFCSIW,AVAILABLE,,2026-09-30T06:37:14.930Z
SH26-PX0RSUBA,SH26-PX0RSUBA,AVAILABLE,,2026-09-30T06:37:14.930Z
SH26-V2JQG7TY,SH26-V2JQG7TY,AVAILABLE,,2026-09-30T06:37:14.930Z
SH26-FALETGU,SH26-FALETGU,AVAILABLE,,2026-09-30T06:37:14.930Z
SH26-KF0EPYJ,SH26-KF0EPYJ,AVAILABLE,,2026-09-30T06:37:14.930Z
SH26-WHQGE8AO,SH26-WHQGE8AO,AVAILABLE,,2026-09-30T06:37:14.930Z
SH26-HAAUQ5T,SH26-HAAUQ5T,AVAILABLE,,2026-09-30T06:37:14.930Z
SH26-FPXXULHY,SH26-FPXXULHY,AVAILABLE,,2026-09-30T06:37:14.930Z
SH26-FE2I7LJZ,SH26-FE2I7LJZ,AVAILABLE,,2026-09-30T06:37:14.930Z
SH26-9JREN9,SH26-9JREN9,AVAILABLE,,2026-09-30T06:37:14.930Z
SH26-3OKJH2XC,SH26-3OKJH2XC,AVAILABLE,,2026-09-30T06:37:14.930Z
SH26-AFDT1TOQ,SH26-AFDT1TOQ,AVAILABLE,,2026-09-30T06:37:14.930Z
SH26-GNWJETB,SH26-GNWJETB,AVAILABLE,,2026-09-30T06:37:14.930Z
SH26-KVMCYWP,SH26-KVMCYWP,AVAILABLE,,2026-09-30T06:37:14.930Z
SH26-4DJRFUG,SH26-4DJRFUG,AVAILABLE,,2026-09-30T06:37:14.930Z
SH26-A6TIKZYM,SH26-A6TIKZYM,AVAILABLE,,2026-09-30T06:37:14.930Z
SH26-HN3Y1SIP,SH26-HN3Y1SIP,AVAILABLE,,2026-09-30T06:37:14.930Z
SH26-6DYHZDBL,SH26-6DYHZDBL,AVAILABLE,,2026-09-30T06:37:14.930Z
SH26-LL53TPEG,SH26-LL53TPEG,AVAILABLE,,2026-09-30T06:37:14.930Z
SH26-QFDPEI,SH26-QFDPEI,AVAILABLE,,2026-09-30T06:37:14.930Z
SH26-5F1PVQ3T,SH26-5F1PVQ3T,AVAILABLE,,2026-09-30T06:37:14.930Z
SH26-SV17KMMY,SH26-SV17KMMY,AVAILABLE,,2026-09-30T06:37:14.930Z
SH26-O9YHQVZ,SH26-O9YHQVZ,AVAILABLE,,2026-09-30T06:37:14.930Z
SH26-WKE1SFVG,SH26-WKE1SFVG,AVAILABLE,,2026-09-30T06:37:14.930Z
SH26-NGH1SXM0,SH26-NGH1SXM0,AVAILABLE,,2026-09-30T06:37:14.930Z
SH26-H1VVD3ML,SH26-H1VVD3ML,AVAILABLE,,2026-09-30T06:37:14.930Z
SH26-NJP0FS1,SH26-NJP0FS1,AVAILABLE,,2026-09-30T06:37:14.930Z
SH26-VDOIK63M,SH26-VDOIK63M,AVAILABLE,,2026-09-30T06:37:14.930Z
SH26-GCL1JCMC,SH26-GCL1JCMC,AVAILABLE,,2026-09-30T06:37:14.930Z
SH26-F4OKGJTL,SH26-F4OKGJTL,AVAILABLE,,2026-09-30T06:37:14.930Z
SH26-MYEVJU4H,SH26-MYEVJU4H,AVAILABLE,,2026-09-30T06:37:14.930Z
SH26-CQGINEDP,SH26-CQGINEDP,AVAILABLE,,2026-09-30T06:37:14.930Z
SH26-KIQILMTT,SH26-KIQILMTT,AVAILABLE,,2026-09-30T06:37:14.930Z
SH26-X24FSNLJ,SH26-X24FSNLJ,AVAILABLE,,2026-09-30T06:37:14.930Z
SH26-GRU7HBR1,SH26-GRU7HBR1,AVAILABLE,,2026-09-30T06:37:14.930Z
SH26-6M2ETF02,SH26-6M2ETF02,AVAILABLE,,2026-09-30T06:37:14.930Z
SH26-WR2ZTJT,SH26-WR2ZTJT,AVAILABLE,,2026-09-30T06:37:14.930Z
SH26-8XQMJAIU,SH26-8XQMJAIU,AVAILABLE,,2026-09-30T06:37:14.930Z
SH26-KXPCKQDE,SH26-KXPCKQDE,AVAILABLE,,2026-09-30T06:37:14.930Z
SH26-MWL8RZO,SH26-MWL8RZO,AVAILABLE,,2026-09-30T06:37:14.930Z
SH26-SAKREO8S,SH26-SAKREO8S,AVAILABLE,,2026-09-30T06:37:14.930Z
SH26-Q1PRANDV,SH26-Q1PRANDV,AVAILABLE,,2026-09-30T06:37:14.930Z
SH26-6NBRZLU3,SH26-6NBRZLU3,AVAILABLE,,2026-09-30T06:37:14.930Z
SH26-JCQAJDZF,SH26-JCQAJDZF,AVAILABLE,,2026-09-30T06:37:14.930Z
SH26-JLI6LPV,SH26-JLI6LPV,AVAILABLE,,2026-09-30T06:37:14.930Z
SH26-G3ZILU4T,SH26-G3ZILU4T,AVAILABLE,,2026-09-30T06:37:14.930Z
SH26-E5Z1K48J,SH26-E5Z1K48J,AVAILABLE,,2026-09-30T06:37:14.930Z
SH26-AQOPNHYP,SH26-AQOPNHYP,AVAILABLE,,2026-09-30T06:37:14.930Z
SH26-JWUYUNAA,SH26-JWUYUNAA,AVAILABLE,,2026-09-30T06:37:14.930Z
SH26-O8GIZWT8,SH26-O8GIZWT8,AVAILABLE,,2026-09-30T06:37:14.930Z
SH26-LCCJKYXD,SH26-LCCJKYXD,AVAILABLE,,2026-09-30T06:37:14.930Z
SH26-SFPVJ3PP,SH26-SFPVJ3PP,AVAILABLE,,2026-09-30T06:37:14.930Z
SH26-IMX5VFRT,SH26-IMX5VFRT,AVAILABLE,,2026-09-30T06:37:14.930Z
SH26-0JZC8JUQ,SH26-0JZC8JUQ,AVAILABLE,,2026-09-30T06:37:14.930Z
SH26-N7EF7R8N,SH26-N7EF7R8N,AVAILABLE,,2026-09-30T06:37:14.930Z
SH26-60H2FYUH,SH26-60H2FYUH,AVAILABLE,,2026-09-30T06:37:14.930Z